<application>
  <component name="ProjectManager">
    <defaultProject>
      <component name="ProjectModuleManager">
        <modules />
      </component>
      <component name="PropertiesComponent">
        <property name="nodejs_interpreter_path.stuck_in_default_project" value="undefined stuck path" />
        <property name="nodejs_npm_path_reset_for_default_project" value="true" />
        <property name="options.lastSelected" value="configurable.group.appearance" />
        <property name="options.splitter.details.proportions" value="0.2" />
        <property name="options.splitter.main.proportions" value="0.3" />
      </component>
      <component name="RunManager">
        <list size="0" />
      </component>
    </defaultProject>
  </component>
</application>