<keymap version="1" name="Default copy" parent="$default">
  <action id="$Cut">
    <keyboard-shortcut first-keystroke="ctrl x" />
  </action>
  <action id="Arrangement.Alias.Rule.Edit" />
  <action id="Arrangement.Rule.Edit" />
  <action id="ChangesView.Rename">
    <keyboard-shortcut first-keystroke="shift f6" />
  </action>
  <action id="Editor Cut">
    <keyboard-shortcut first-keystroke="ctrl x" />
  </action>
  <action id="Git.Reword.Commit">
    <keyboard-shortcut first-keystroke="shift f6" />
  </action>
  <action id="GotoNextError" />
  <action id="Javascript.Linters.EsLint.Fix">
    <keyboard-shortcut first-keystroke="f2" />
  </action>
  <action id="ReformatCode">
    <keyboard-shortcut first-keystroke="ctrl caps_lock" />
  </action>
  <action id="ShelvedChanges.Rename">
    <keyboard-shortcut first-keystroke="shift f6" />
  </action>
  <action id="XDebugger.EditWatch" />
  <action id="XDebugger.SetValue" />
</keymap>